{
  "train": {
    "nll": 0.3770807087421417,
    "accuracy": 0.8183333277702332,
    "phase_accuracy": 0.8416666666666667,
    "best_permutation": [
      1,
      0
    ],
    "confusion": [
      [
        26,
        160
      ],
      [
        345,
        69
      ]
    ]
  },
  "test": {
    "nll": 0.4045906960964203,
    "accuracy": 0.7950000166893005,
    "phase_accuracy": 0.84,
    "best_permutation": [
      1,
      0
    ],
    "confusion": [
      [
        5,
        46
      ],
      [
        122,
        27
      ]
    ]
  }
}