{
  "train": {
    "nll": 0.5858010053634644,
    "accuracy": 0.7346875071525574,
    "phase_accuracy": 0.9925,
    "best_permutation": [
      1,
      0
    ],
    "confusion": [
      [
        16,
        1639
      ],
      [
        1537,
        8
      ]
    ]
  },
  "test": {
    "nll": 0.5827316045761108,
    "accuracy": 0.7462499737739563,
    "phase_accuracy": 0.988125,
    "best_permutation": [
      1,
      0
    ],
    "confusion": [
      [
        14,
        1617
      ],
      [
        1545,
        24
      ]
    ]
  }
}