{
  "train": {
    "nll": 0.920269787311554,
    "accuracy": 0.5666666626930237,
    "phase_accuracy": 0.5383333333333333,
    "best_permutation": [
      0,
      1
    ],
    "confusion": [
      [
        323,
        229
      ],
      [
        48,
        0
      ]
    ]
  },
  "test": {
    "nll": 0.9089362621307373,
    "accuracy": 0.574999988079071,
    "phase_accuracy": 0.635,
    "best_permutation": [
      0,
      1
    ],
    "confusion": [
      [
        127,
        73
      ],
      [
        0,
        0
      ]
    ]
  }
}