{
  "train": {
    "nll": 0.5448929071426392,
    "accuracy": 0.7233333587646484,
    "phase_accuracy": 0.6366666666666667,
    "best_permutation": [
      1,
      0
    ],
    "confusion": [
      [
        218,
        229
      ],
      [
        153,
        0
      ]
    ]
  },
  "test": {
    "nll": 0.5620222687721252,
    "accuracy": 0.7300000190734863,
    "phase_accuracy": 0.635,
    "best_permutation": [
      1,
      0
    ],
    "confusion": [
      [
        73,
        73
      ],
      [
        54,
        0
      ]
    ]
  }
}