{
  "train": {
    "nll": 0.8042117953300476,
    "accuracy": 0.5478125214576721,
    "phase_accuracy": 0.5378125,
    "best_permutation": [
      1,
      0
    ],
    "confusion": [
      [
        205,
        373
      ],
      [
        1348,
        1274
      ]
    ]
  },
  "test": {
    "nll": 0.8174884915351868,
    "accuracy": 0.5534374713897705,
    "phase_accuracy": 0.5284375,
    "best_permutation": [
      1,
      0
    ],
    "confusion": [
      [
        295,
        427
      ],
      [
        1264,
        1214
      ]
    ]
  }
}