{
  "lags": 5,
  "series": [
    {
      "label": "Observed",
      "reward": [
        0.12665563821792603,
        0.09232483059167862,
        0.043205298483371735,
        0.0706087127327919,
        0.056555576622486115
      ],
      "transition": [
        0.10528075695037842,
        -0.10581393539905548,
        0.11701159924268723,
        0.10240183025598526,
        0.028493551537394524
      ],
      "interaction": [
        0.5565640330314636,
        0.23443642258644104,
        0.05060143768787384,
        -0.0705641359090805,
        0.21782439947128296
      ],
      "common_reward": [
        0.7885004281997681,
        0.22094731777906418,
        0.2108183354139328,
        0.10244640707969666,
        0.3028735276311636
      ],
      "common_omission": [
        -0.5779389142990112,
        -0.43257518857717514,
        0.02320486307144165,
        0.10235725343227386,
        -0.24588642455637455
      ],
      "rare_reward": [
        -0.535189151763916,
        -0.03629765659570694,
        -0.12440773844718933,
        0.038771018385887146,
        -0.18976237438619137
      ],
      "rare_omission": [
        0.3246276378631592,
        0.2479255273938179,
        -0.10961546003818512,
        -0.24357467889785767,
        0.13277527131140232
      ]
    },
    {
      "label": "SeriesHMM-TinyMoA",
      "reward": [
        0.0,
        0.0,
        0.0,
        0.0,
        0.0
      ],
      "transition": [
        0.0,
        0.0,
        0.0,
        0.0,
        0.0
      ],
      "interaction": [
        0.0,
        0.0,
        0.0,
        0.0,
        0.0
      ],
      "common_reward": [
        0.0,
        0.0,
        0.0,
        0.0,
        0.0
      ],
      "common_omission": [
        0.0,
        0.0,
        0.0,
        0.0,
        0.0
      ],
      "rare_reward": [
        0.0,
        0.0,
        0.0,
        0.0,
        0.0
      ],
      "rare_omission": [
        0.0,
        0.0,
        0.0,
        0.0,
        0.0
      ]
    },
    {
      "label": "SeriesHMM-TinyRNN",
      "reward": [
        -0.010782023891806602,
        -0.02138042077422142,
        -0.11436019092798233,
        -0.19454039633274078,
        -0.1867045909166336
      ],
      "transition": [
        0.4491998851299286,
        0.1222880482673645,
        0.19431284070014954,
        0.0043290662579238415,
        0.1350640505552292
      ],
      "interaction": [
        -0.43121734261512756,
        -0.5170959830284119,
        -0.33849215507507324,
        -0.29698890447616577,
        -0.250345379114151
      ],
      "common_reward": [
        0.007200518622994423,
        -0.4161883555352688,
        -0.25853950530290604,
        -0.4872002345509827,
        -0.3019859194755554
      ],
      "common_omission": [
        0.8911992516368628,
        0.6607644520699978,
        0.6471651867032051,
        0.4958583670668304,
        0.5721140205860138
      ],
      "rare_reward": [
        -0.028764566406607628,
        0.37342751398682594,
        0.029819123446941376,
        0.09811944188550115,
        -0.07142326235771179
      ],
      "rare_omission": [
        -0.8696352038532495,
        -0.618003610521555,
        -0.41844480484724045,
        -0.10677757440134883,
        -0.19870483875274658
      ]
    },
    {
      "label": "Agent: MF Reward",
      "reward": [
        0.5887956023216248,
        0.6702556014060974,
        0.12144260853528976,
        -0.21861374378204346,
        0.05685826763510704
      ],
      "transition": [
        0.4680962562561035,
        0.8822423815727234,
        0.5485934019088745,
        -0.16060328483581543,
        -0.03164906054735184
      ],
      "interaction": [
        0.5519630312919617,
        -0.10647880285978317,
        -0.1049472838640213,
        -0.06138908490538597,
        -0.47329428791999817
      ],
      "common_reward": [
        1.60885488986969,
        1.4460191801190376,
        0.565088726580143,
        -0.44060611352324486,
        -0.44808508083224297
      ],
      "common_omission": [
        -0.6726623773574829,
        0.31846558302640915,
        0.532098077237606,
        0.119399543851614,
        0.3847869597375393
      ],
      "rare_reward": [
        -0.43126368522644043,
        -0.1055079773068428,
        -0.32220350950956345,
        0.0033786259591579437,
        0.561801616102457
      ],
      "rare_omission": [
        -0.5049288272857666,
        -1.658976785838604,
        -0.7749832943081856,
        0.3178279437124729,
        -0.49850349500775337
      ]
    },
    {
      "label": "Agent: MF Choice",
      "reward": [
        0.0,
        0.0,
        0.0,
        0.0,
        0.0
      ],
      "transition": [
        0.0,
        0.0,
        0.0,
        0.0,
        0.0
      ],
      "interaction": [
        0.0,
        0.0,
        0.0,
        0.0,
        0.0
      ],
      "common_reward": [
        0.0,
        0.0,
        0.0,
        0.0,
        0.0
      ],
      "common_omission": [
        0.0,
        0.0,
        0.0,
        0.0,
        0.0
      ],
      "rare_reward": [
        0.0,
        0.0,
        0.0,
        0.0,
        0.0
      ],
      "rare_omission": [
        0.0,
        0.0,
        0.0,
        0.0,
        0.0
      ]
    },
    {
      "label": "Agent: Model-based",
      "reward": [
        7.827247619628906,
        -6.618275165557861,
        -7.411097049713135,
        -6.631366729736328,
        -6.7742791175842285
      ],
      "transition": [
        6.4044294357299805,
        -6.577359199523926,
        -7.037430286407471,
        -6.868860244750977,
        -5.859097957611084
      ],
      "interaction": [
        -7.721076011657715,
        -7.754859447479248,
        -7.741898059844971,
        -7.719305992126465,
        -7.708472728729248
      ],
      "common_reward": [
        6.510601043701172,
        -20.950493812561035,
        -22.190425395965576,
        -21.21953296661377,
        -20.34184980392456
      ],
      "common_omission": [
        6.298257827758789,
        7.795775413513184,
        8.115564823150635,
        7.481812477111816,
        8.623653888702393
      ],
      "rare_reward": [
        9.14389419555664,
        7.7139434814453125,
        7.368231296539307,
        7.956799507141113,
        6.7932915687561035
      ],
      "rare_omission": [
        -21.9527530670166,
        5.440774917602539,
        6.706629276275635,
        5.78092098236084,
        4.9249043464660645
      ]
    },
    {
      "label": "Agent: Bias",
      "reward": [
        0.0,
        0.0,
        0.0,
        0.0,
        0.0
      ],
      "transition": [
        0.0,
        0.0,
        0.0,
        0.0,
        0.0
      ],
      "interaction": [
        0.0,
        0.0,
        0.0,
        0.0,
        0.0
      ],
      "common_reward": [
        0.0,
        0.0,
        0.0,
        0.0,
        0.0
      ],
      "common_omission": [
        0.0,
        0.0,
        0.0,
        0.0,
        0.0
      ],
      "rare_reward": [
        0.0,
        0.0,
        0.0,
        0.0,
        0.0
      ],
      "rare_omission": [
        0.0,
        0.0,
        0.0,
        0.0,
        0.0
      ]
    }
  ]
}